{
    "s0lug": "69339-remote-business-analyst-scrum-master-outmatch",
    "id": "69339",
    "epoch": "1540234946",
    "date": "2018-10-22T12:02:26-07:00",
    "company": "OutMatch",
    "position": "Business Analyst Scrum Master",
    "tags": [
        "analyst",
        "scrum"
    ],
    "description": "How does it feel to be a valued contributor in a highly collaborative team of elite technical talent? Join us and find out! At OutMatch&nbsp;culture is not something we &ldquo;create&rdquo;, it&rsquo;s something that we attract by finding people that want the same things in life....",
    "url": "https:\/\/remoteok.io\/remote-jobs\/69339"
}